[{
  "title": "Ex-detective in Pistorius case quits",
  "description": "The ex-lead detective in the Oscar Pistorius case, who faces separate charges of attempted murder, has resigned, South African police say."
},
{
  "title": "Man held after fatal bus stabbing",
  "description": "A man is arrested after a 16-year-old girl was stabbed to death on a rush-hour bus on one of Birmingham's busiest roads."
},
{
  "title": "Processed meat 'early death' link",
  "description": "Sausages, ham, bacon and other processed meats appear to increase the risk of dying young, a study of half a million people across Europe suggests."
}
]